{
  "images": [
    {
      "width": 1300,
      "height": 866,
      "id": 0,
      "file_name": "images\/0635292a-1.jpeg"
    },
    {
      "width": 275,
      "height": 183,
      "id": 1,
      "file_name": "images\/e156a2bc-2.jpeg"
    },
    {
      "width": 275,
      "height": 183,
      "id": 2,
      "file_name": "images\/115da9e0-3.jpeg"
    },
    {
      "width": 1300,
      "height": 937,
      "id": 3,
      "file_name": "images\/255e39cf-4.jpeg"
    },
    {
      "width": 331,
      "height": 152,
      "id": 4,
      "file_name": "images\/9e49ef5a-6.jpeg"
    },
    {
      "width": 1300,
      "height": 866,
      "id": 5,
      "file_name": "images\/05502fc4-7.jpeg"
    },
    {
      "width": 275,
      "height": 183,
      "id": 6,
      "file_name": "images\/37e0ff70-8.jpeg"
    },
    {
      "width": 300,
      "height": 168,
      "id": 7,
      "file_name": "images\/cb88520b-9.jpeg"
    },
    {
      "width": 275,
      "height": 183,
      "id": 8,
      "file_name": "images\/6e5a8007-10.jpeg"
    },
    {
      "width": 310,
      "height": 162,
      "id": 9,
      "file_name": "images\/6050fd15-11.jpeg"
    },
    {
      "width": 268,
      "height": 188,
      "id": 10,
      "file_name": "images\/add88515-12.jpeg"
    }
  ],
  "categories": [
    {
      "id": 0,
      "name": "TENNIS BALL"
    }
  ],
  "annotations": [
    {
      "id": 0,
      "image_id": 0,
      "category_id": 0,
      "segmentation": [],
      "bbox": [
        399.5621716287216,
        190.04204993429698,
        465.58669001751315,
        471.12220762155056
      ],
      "ignore": 0,
      "iscrowd": 0,
      "area": 219348.22924026134
    },
    {
      "id": 1,
      "image_id": 1,
      "category_id": 0,
      "segmentation": [],
      "bbox": [
        40.21453590192645,
        48.63947368421054,
        82.59632224168132,
        82.1092105263157
      ],
      "ignore": 0,
      "iscrowd": 0,
      "area": 6781.918811641624
    },
    {
      "id": 2,
      "image_id": 2,
      "category_id": 0,
      "segmentation": [],
      "bbox": [
        121.1252189141856,
        58.993421052631575,
        46.47548161120839,
        38.285526315789475
      ],
      "ignore": 0,
      "iscrowd": 0,
      "area": 1779.3382742649085
    },
    {
      "id": 3,
      "image_id": 3,
      "category_id": 0,
      "segmentation": [],
      "bbox": [
        327.4436090225563,
        662.1303780964798,
        56.203007518796994,
        52.53063885267262
      ],
      "ignore": 0,
      "iscrowd": 0,
      "area": 2952.3798904039686
    },
    {
      "id": 4,
      "image_id": 4,
      "category_id": 0,
      "segmentation": [],
      "bbox": [
        139.99387040280214,
        46.70229007633586,
        97.9667250437828,
        96.59541984732823
      ],
      "ignore": 0,
      "iscrowd": 0,
      "area": 9463.136936671965
    },
    {
      "id": 5,
      "image_id": 5,
      "category_id": 0,
      "segmentation": [],
      "bbox": [
        497.4605954465852,
        331.1511169513795,
        229.9474605954466,
        213.93955321944816
      ],
      "ignore": 0,
      "iscrowd": 0,
      "area": 49194.85698373651
    },
    {
      "id": 6,
      "image_id": 5,
      "category_id": 0,
      "segmentation": [],
      "bbox": [
        482.66199649737297,
        439.25886990801575,
        18.21366024518389,
        2.275952693823916
      ],
      "ignore": 0,
      "iscrowd": 0,
      "area": 41.453429099419836
    },
    {
      "id": 7,
      "image_id": 6,
      "category_id": 0,
      "segmentation": [],
      "bbox": [
        69.592819614711,
        28.65394736842105,
        140.3896672504378,
        136.7684210526316
      ],
      "ignore": 0,
      "iscrowd": 0,
      "area": 19200.873121946723
    },
    {
      "id": 8,
      "image_id": 7,
      "category_id": 0,
      "segmentation": [],
      "bbox": [
        139.2294220665498,
        47.51249999999999,
        68.5639229422066,
        67.2
      ],
      "ignore": 0,
      "iscrowd": 0,
      "area": 4607.4956217162835
    },
    {
      "id": 9,
      "image_id": 8,
      "category_id": 0,
      "segmentation": [],
      "bbox": [
        46.47548161120842,
        89.09210526315792,
        21.190893169877416,
        18.29999999999997
      ],
      "ignore": 0,
      "iscrowd": 0,
      "area": 387.79334500875603
    },
    {
      "id": 10,
      "image_id": 9,
      "category_id": 0,
      "segmentation": [],
      "bbox": [
        206.0332749562172,
        6.78391959798995,
        27.416812609456997,
        26.321608040201014
      ],
      "ignore": 0,
      "iscrowd": 0,
      "area": 721.6545952177678
    },
    {
      "id": 11,
      "image_id": 10,
      "category_id": 0,
      "segmentation": [],
      "bbox": [
        123.57913998170176,
        63.97392438070404,
        32.36596523330284,
        27.94263363754893
      ],
      "ignore": 0,
      "iscrowd": 0,
      "area": 904.3903088398271
    }
  ],
  "info": {
    "year": 2023,
    "version": "1.0",
    "description": "",
    "contributor": "Label Studio",
    "url": "",
    "date_created": "2023-05-20 07:14:58.083475"
  }
}