{
  "images": [
    {
      "width": 1023,
      "height": 800,
      "id": 0,
      "file_name": "images\/c8252ac3-14.jpg"
    },
    {
      "width": 318,
      "height": 159,
      "id": 1,
      "file_name": "images\/bbf13afe-1.jpg"
    },
    {
      "width": 259,
      "height": 194,
      "id": 2,
      "file_name": "images\/19e923de-2.jpg"
    },
    {
      "width": 275,
      "height": 183,
      "id": 3,
      "file_name": "images\/ca43f93e-3.jpg"
    },
    {
      "width": 284,
      "height": 177,
      "id": 4,
      "file_name": "images\/33c123f1-4.jpg"
    },
    {
      "width": 400,
      "height": 203,
      "id": 5,
      "file_name": "images\/7ba0de03-5.jpg"
    },
    {
      "width": 310,
      "height": 162,
      "id": 6,
      "file_name": "images\/6bcb7d11-6.jpg"
    },
    {
      "width": 846,
      "height": 488,
      "id": 7,
      "file_name": "images\/5ade0b71-7.jpg"
    },
    {
      "width": 317,
      "height": 159,
      "id": 8,
      "file_name": "images\/9eb023b0-8.jpg"
    },
    {
      "width": 251,
      "height": 201,
      "id": 9,
      "file_name": "images\/d65763df-10.jpg"
    },
    {
      "width": 215,
      "height": 235,
      "id": 10,
      "file_name": "images\/a12b8247-11.jpg"
    }
  ],
  "categories": [
    {
      "id": 0,
      "name": "brain"
    },
    {
      "id": 1,
      "name": "heart"
    }
  ],
  "annotations": [
    {
      "id": 0,
      "image_id": 0,
      "category_id": 1,
      "segmentation": [],
      "bbox": [
        554.125,
        225.38071065989845,
        377.5357142857143,
        410.1522842639595
      ],
      "ignore": 0,
      "iscrowd": 0,
      "area": 154847.13560551126
    },
    {
      "id": 1,
      "image_id": 0,
      "category_id": 0,
      "segmentation": [],
      "bbox": [
        36.53571428571428,
        203.0456852791878,
        422.1904761904761,
        341.11675126903555
      ],
      "ignore": 0,
      "iscrowd": 0,
      "area": 144016.24365482232
    },
    {
      "id": 2,
      "image_id": 1,
      "category_id": 1,
      "segmentation": [],
      "bbox": [
        32.80952380952381,
        16.404761904761905,
        94.64285714285714,
        90.22619047619048
      ],
      "ignore": 0,
      "iscrowd": 0,
      "area": 8539.264455782313
    },
    {
      "id": 3,
      "image_id": 1,
      "category_id": 0,
      "segmentation": [],
      "bbox": [
        170.35714285714286,
        8.202380952380953,
        117.98809523809524,
        100.95238095238093
      ],
      "ignore": 0,
      "iscrowd": 0,
      "area": 11911.179138321993
    },
    {
      "id": 4,
      "image_id": 2,
      "category_id": 1,
      "segmentation": [],
      "bbox": [
        4.624999999999999,
        25.14814814814815,
        102.77777777777777,
        91.35449735449734
      ],
      "ignore": 0,
      "iscrowd": 0,
      "area": 9389.212228101114
    },
    {
      "id": 5,
      "image_id": 2,
      "category_id": 0,
      "segmentation": [],
      "bbox": [
        156.73611111111111,
        34.386243386243386,
        97.63888888888889,
        84.16931216931216
      ],
      "ignore": 0,
      "iscrowd": 0,
      "area": 8218.198118753673
    },
    {
      "id": 6,
      "image_id": 3,
      "category_id": 1,
      "segmentation": [],
      "bbox": [
        180.41749502982108,
        38.238805970149244,
        78.18091451292248,
        74.83880597014927
      ],
      "ignore": 0,
      "iscrowd": 0,
      "area": 5850.966291801433
    },
    {
      "id": 7,
      "image_id": 3,
      "category_id": 0,
      "segmentation": [],
      "bbox": [
        10.387673956262425,
        34.96119402985076,
        99.50298210735588,
        81.39402985074628
      ],
      "ignore": 0,
      "iscrowd": 0,
      "area": 8098.948695884397
    },
    {
      "id": 8,
      "image_id": 4,
      "category_id": 1,
      "segmentation": [],
      "bbox": [
        164.5396825396826,
        45.095541401273884,
        85.65079365079366,
        70.46178343949045
      ],
      "ignore": 0,
      "iscrowd": 0,
      "area": 6035.107673642706
    },
    {
      "id": 9,
      "image_id": 4,
      "category_id": 0,
      "segmentation": [],
      "bbox": [
        21.412698412698415,
        43.968152866242036,
        93.53968253968254,
        74.97133757961785
      ],
      "ignore": 0,
      "iscrowd": 0,
      "area": 7012.795116772826
    },
    {
      "id": 10,
      "image_id": 5,
      "category_id": 1,
      "segmentation": [],
      "bbox": [
        52.380952380952394,
        22.203125,
        111.90476190476194,
        120.53125
      ],
      "ignore": 0,
      "iscrowd": 0,
      "area": 13488.020833333338
    },
    {
      "id": 11,
      "image_id": 5,
      "category_id": 0,
      "segmentation": [],
      "bbox": [
        212.6984126984127,
        38.0625,
        165.07936507936506,
        119.73828125
      ],
      "ignore": 0,
      "iscrowd": 0,
      "area": 19766.31944444444
    },
    {
      "id": 12,
      "image_id": 6,
      "category_id": 1,
      "segmentation": [],
      "bbox": [
        11.709741550695824,
        8.007604562737642,
        134.35387673956262,
        122.57794676806084
      ],
      "ignore": 0,
      "iscrowd": 0,
      "area": 16468.822351064715
    },
    {
      "id": 13,
      "image_id": 6,
      "category_id": 0,
      "segmentation": [],
      "bbox": [
        157.15705765407557,
        6.775665399239544,
        145.4473161033797,
        123.19391634980988
      ],
      "ignore": 0,
      "iscrowd": 0,
      "area": 17918.224493344114
    },
    {
      "id": 14,
      "image_id": 7,
      "category_id": 0,
      "segmentation": [],
      "bbox": [
        120.85714285714283,
        38.57044673539519,
        307.17857142857144,
        306.88659793814435
      ],
      "ignore": 0,
      "iscrowd": 0,
      "area": 94268.98674521357
    },
    {
      "id": 15,
      "image_id": 7,
      "category_id": 1,
      "segmentation": [],
      "bbox": [
        411.25,
        31.862542955326468,
        206.46428571428572,
        315.2714776632302
      ],
      "ignore": 0,
      "iscrowd": 0,
      "area": 65092.300441826206
    },
    {
      "id": 16,
      "image_id": 8,
      "category_id": 1,
      "segmentation": [],
      "bbox": [
        189.31944444444446,
        29.537549407114625,
        101.26388888888889,
        79.18577075098814
      ],
      "ignore": 0,
      "iscrowd": 0,
      "area": 8018.65909090909
    },
    {
      "id": 17,
      "image_id": 8,
      "category_id": 0,
      "segmentation": [],
      "bbox": [
        11.950396825396824,
        0.6284584980237153,
        94.97420634920634,
        109.9802371541502
      ],
      "ignore": 0,
      "iscrowd": 0,
      "area": 10445.285737812912
    },
    {
      "id": 18,
      "image_id": 9,
      "category_id": 1,
      "segmentation": [],
      "bbox": [
        25.896825396825392,
        34.82673267326732,
        79.18452380952381,
        92.04207920792079
      ],
      "ignore": 0,
      "iscrowd": 0,
      "area": 7288.308212517681
    },
    {
      "id": 19,
      "image_id": 9,
      "category_id": 0,
      "segmentation": [],
      "bbox": [
        147.41269841269843,
        22.388613861386137,
        82.67063492063492,
        71.1460396039604
      ],
      "ignore": 0,
      "iscrowd": 0,
      "area": 5881.688266148044
    },
    {
      "id": 20,
      "image_id": 10,
      "category_id": 1,
      "segmentation": [],
      "bbox": [
        30.714285714285708,
        28.575317604355718,
        62.281746031746046,
        60.56261343012704
      ],
      "ignore": 0,
      "iscrowd": 0,
      "area": 3771.9453086739845
    },
    {
      "id": 21,
      "image_id": 10,
      "category_id": 0,
      "segmentation": [],
      "bbox": [
        131.38888888888889,
        50.75317604355717,
        74.65277777777777,
        60.989110707803995
      ],
      "ignore": 0,
      "iscrowd": 0,
      "area": 4553.006528533979
    }
  ],
  "info": {
    "year": 2023,
    "version": "1.0",
    "description": "",
    "contributor": "Label Studio",
    "url": "",
    "date_created": "2023-05-24 17:31:14.540089"
  }
}